<RSAKeyValue><Modulus>2kwscJUhXAekVRqw5kgcxdhSTK6mUkNFV4pfe7rLPCtzheHz7k329/bqTahPo1hdBqAwHegwtNPRfgo64gb+Dg5TEjgq7a/bvfIvUOmQXfqoHfyMHfg58GMtheATFPw7W2OAe1gf7ESaI8zrEjyfsC+NSWRXqat+K8CCBSvd6P8=</Modulus><Exponent>AQAB</Exponent><P>/WeouKfUp4nfH417otYZNgpkmirPTC8taM0CPKuNqNlElSF/Dp3lafhxQI5e3HBoKPKhgvcixtB/jMtQW9Rokw==</P><Q>3Ih5m9h80YEt1UvVxeTiMTqwqRbsEiofKVG2obQUtiV8Ma6vaRi2QKFRj8v5nSRUgvyUZEnnS6WBESql9OgdZQ==</Q><DP>O6Np0gutwMByArsJnglFZbKMerwYjZWM2l1laWH2tQZtXavEe2wt0gLmpIrdSIQr/3cbC/ed96yaWEiBYRtcgQ==</DP><DQ>WOrN3YBUE0S6bh29e6TlbmPzhrmvRUOmfMptkJVDJI3InV+Jah6EnVptwETFyA415Pph+m2xzFZWy80eTLip4Q==</DQ><InverseQ>sgrvGSWNYp4VEY9iyPG9h6wTbqRUs1YoYA/84n4eI2NxiGTCMiVfMoZcNkyIkn1RAuPxlqiQhHBplhqZ9uwomA==</InverseQ><D>JBBPiy3n+/c7O+AT94dUUY8iUY7M5Ww9qW+vxJYge0lGZYjlrqnsshx1quyyc27mt3CBYn94hHc19dek0LCNCeEhszXueq5HneXMblCPcCCfTNKnqlB3nzirdEzio328hGJ8ccblPy6h/2PaWQYS6hYFaHzS3vz+L3oen1muU1k=</D></RSAKeyValue>